{
  "schema_version": 1,
  "created_at": "2026-07-12T12:04:03.019576+00:00",
  "runtime_assets": {
    "production_index_bytes": 299288526,
    "collaborative_index_bytes": 1978816,
    "scorer_bytes": 47890,
    "added_runtime_bytes": 2026706
  },
  "research_only_unmasked_asset_ships": false,
  "load_seconds": {
    "production_index": 3.8403158000000985,
    "collaborative_index": 0.012384300003759563,
    "collaborative_internal": 0.012375400008750148
  },
  "rss_bytes": {
    "start": 166334464,
    "after_production_index": 1204482048,
    "after_hybrid": 1252921344,
    "hybrid_delta": 48439296
  },
  "latency_seconds": {
    "first_recommendation": 1.980825199992978,
    "warm_mean": 0.2515261374956026,
    "warm_p50": 0.25717539999459404,
    "warm_p95": 0.28764442499596043,
    "samples": 16
  },
  "query_modes": {
    "artist": 8,
    "audio_bridge": 4,
    "track": 4
  },
  "deployment_assessment": "The compact collaborative asset is suitable for serverless shipping; deployment remains prohibited because the once-opened FINAL failed."
}
