{
  "knn_accuracy": 0.6137512639029322,
  "knn_macro_f1": 0.3054126674212755,
  "k": 10,
  "n_train": 3959,
  "n_val": 989,
  "silhouette": -0.07118094712495804,
  "nn_genre_match": 0.5424413904607922,
  "best_val_knn": 0.5813953488372093,
  "minutes": 133.7
}