{
  "knn_accuracy": 0.5742971887550201,
  "knn_macro_f1": 0.3468063493763444,
  "k": 10,
  "n_train": 1992,
  "n_val": 498,
  "silhouette": -0.09063515067100525,
  "nn_genre_match": 0.4875502008032129,
  "best_val_knn": 0.5622489959839357,
  "minutes": 49.5
}